{
  "_comment": "Logistic-regression-style weights for the Malojawind model. bias + one weight per engineered feature. Updated automatically by verify_and_learn.py and backtest.py as real outcomes come in. Edit by hand only if you want to force a reset - back up first. Reset 2026-07-16: feature schema changed (dropped cloud_score, added ensemble/persistence/interaction features, then samedan_morning_score, then pressure_nowcast_score) - must be retrained from scratch via backtest.py before deploying. Same day: verify_and_learn.py's ground truth switched from Samedan to kitesailing.ch's Silvaplana reading (Samedan kept as fallback + a nowcast feature); the 15-18h window narrowing was tried and reverted back to 12-18h (see backtest.py's docstring).",
  "version": 2,
  "trained_samples": 4887,
  "bias": -2.565395166450388,
  "weights": {
    "thermal_excess": -1.9034745630168437,
    "pressure_signal": -0.5111749654159548,
    "upper_wind_alignment": -0.3001283995972176,
    "upper_wind_speed_score": -1.6292067526631604,
    "dewpoint_score": -0.5620772501456741,
    "cape_penalty": -2.670589517231357,
    "freezing_level_score": -0.8009631321161657,
    "precip_penalty": -0.9307791325334399,
    "model_wind": 0.47730047998750263,
    "model_gust": 0.7631288069264734,
    "surface_dir_alignment": 0.6205334872968064,
    "hour_sin": -1.2290947668410854,
    "hour_cos": 0.49294887417725664,
    "doy_sin": -0.2797834677224658,
    "doy_cos": -0.11046234256580634,
    "ensemble_wind_score": 2.9139653902670997,
    "ensemble_agreement_score": -0.5880946878814158,
    "persistence_wind": 0.8337844711387181,
    "upper_wind_dewpoint_interaction": 3.6925223586126723,
    "thermal_seasonal_interaction": -2.069214107157668,
    "samedan_morning_score": -2.641075653762598,
    "pressure_nowcast_score": 1.0088834578130228
  },
  "tier_thresholds": {
    "good": 0.7,
    "marginal": 0.62
  }
}