{
  "_comment": "Logistic-regression-style weights for the Malojawind model. bias + one weight per engineered feature. Updated automatically by verify_and_learn.py (online) and backtest.py (from scratch, via model.new_weights()) as real outcomes come in. Edit by hand only if you want to force a reset - back up first.",
  "version": 3,
  "trained_samples": 3129,
  "bias": -4.843527224691803,
  "weights": {
    "thermal_excess": -2.32444378111236,
    "pressure_signal": -0.03385340059777809,
    "upper_wind_alignment": -0.0682952812503484,
    "upper_wind_speed_score": -1.3906640438514695,
    "dewpoint_score": 1.1068040110070612,
    "cape_penalty": -0.15795291401436645,
    "freezing_level_score": -0.2761100737367469,
    "precip_penalty": 2.619054636768157,
    "model_wind": 2.1644444585507907,
    "model_gust": -0.4734482661387248,
    "surface_dir_alignment": 0.6771448676098466,
    "hour_sin": -0.924064038598308,
    "hour_cos": -0.8189451457659834,
    "doy_sin": 0.331465599513392,
    "doy_cos": 0.41327549223798055,
    "ensemble_wind_score": 4.544972215048385,
    "ensemble_agreement_score": -1.1288384467171766,
    "persistence_wind": 2.2883420192631663,
    "upper_wind_dewpoint_interaction": 0.26774270179129994,
    "thermal_seasonal_interaction": 0.8769132216630693,
    "samedan_morning_score": 0.9440155531352186,
    "pressure_nowcast_score": -0.264081812708194
  },
  "tier_thresholds": {
    "good": 0.37,
    "marginal": 0.34
  }
}