{
  "_comment": "Logistic-regression-style weights for the Malojawind model. bias + one weight per engineered feature. Updated automatically by verify_and_learn.py (online) and backtest.py (from scratch, via model.new_weights()) as real outcomes come in. Edit by hand only if you want to force a reset - back up first.",
  "version": 3,
  "trained_samples": 3143,
  "bias": -3.512957690067157,
  "weights": {
    "thermal_excess": -3.40663862526454,
    "pressure_signal": 0.022860667792007995,
    "upper_wind_alignment": -0.36619997052829145,
    "upper_wind_speed_score": -1.3556850577813808,
    "dewpoint_score": 0.4136943213650049,
    "cape_penalty": -0.9470073175326268,
    "freezing_level_score": -0.4509812025320389,
    "precip_penalty": 2.3173172420441555,
    "model_wind": 2.8294112197664325,
    "model_gust": -0.13500677888317866,
    "surface_dir_alignment": 0.5703480117122535,
    "hour_sin": -0.5250613477549346,
    "hour_cos": -0.8146405639241439,
    "doy_sin": 0.2015919446027903,
    "doy_cos": 0.21315968354240017,
    "ensemble_wind_score": 2.025704477170056,
    "ensemble_agreement_score": -0.9228000513486233,
    "persistence_wind": 2.49681570313669,
    "upper_wind_dewpoint_interaction": 0.986911220417102,
    "thermal_seasonal_interaction": -0.8197526863993402,
    "samedan_morning_score": 0.7107705491058781,
    "pressure_nowcast_score": 0.03811989068917015
  },
  "tier_thresholds": {
    "good": 0.8,
    "marginal": 0.65
  }
}