{
  "_comment": "Logistic-regression-style weights for the Malojawind model. bias + one weight per engineered feature. Updated automatically by verify_and_learn.py and backtest.py as real outcomes come in. Edit by hand only if you want to force a reset - back up first.",
  "version": 1,
  "trained_samples": 3108,
  "bias": -3.653932690059111,
  "weights": {
    "thermal_excess": -0.5936235009893609,
    "pressure_signal": -0.10484749836459799,
    "upper_wind_alignment": -0.42471425614394787,
    "upper_wind_speed_score": 1.2973621425894952,
    "cloud_score": -0.17732146591796122,
    "dewpoint_score": 1.62207064226931,
    "cape_penalty": -2.071005795502686,
    "freezing_level_score": -0.6636203837776522,
    "precip_penalty": -0.25495541281868817,
    "model_wind": 2.0669810397978474,
    "model_gust": 1.1009074626958566,
    "surface_dir_alignment": 0.7711082476312897,
    "hour_sin": -1.365759443385331,
    "hour_cos": 0.512553660415825,
    "doy_sin": -0.5303661158419491,
    "doy_cos": 0.20952017915364252
  },
  "tier_thresholds": {
    "good": 0.82,
    "marginal": 0.67
  }
}