{
  "_comment": "Logistic-regression-style weights for the Malojawind model. bias + one weight per engineered feature. Updated automatically by verify_and_learn.py (online) and backtest.py (from scratch, via model.new_weights()) as real outcomes come in. Edit by hand only if you want to force a reset - back up first.",
  "version": 3,
  "trained_samples": 3122,
  "bias": -3.506396981664512,
  "weights": {
    "thermal_excess": -3.437858174321482,
    "pressure_signal": -0.0028562247951329535,
    "upper_wind_alignment": -0.4193656846494557,
    "upper_wind_speed_score": -1.3283934674549962,
    "dewpoint_score": 0.4176548790969341,
    "cape_penalty": -0.9429661221800099,
    "freezing_level_score": -0.45190398189410275,
    "precip_penalty": 2.31159406480846,
    "model_wind": 2.835280284650656,
    "model_gust": -0.13491169504576483,
    "surface_dir_alignment": 0.562832767617577,
    "hour_sin": -0.547612065956671,
    "hour_cos": -0.8053960170861933,
    "doy_sin": 0.19713216339838605,
    "doy_cos": 0.2077058092384232,
    "ensemble_wind_score": 2.0379815166541317,
    "ensemble_agreement_score": -0.92404553022631,
    "persistence_wind": 2.49742839663964,
    "upper_wind_dewpoint_interaction": 1.007283343972222,
    "thermal_seasonal_interaction": -0.7902703724965867,
    "samedan_morning_score": 0.7107705491058781,
    "pressure_nowcast_score": 0.03811989068917015
  },
  "tier_thresholds": {
    "good": 0.8,
    "marginal": 0.65
  }
}