{
  "_comment": "Logistic-regression-style weights for the Malojawind model. bias + one weight per engineered feature. Updated automatically by verify_and_learn.py (online) and backtest.py (from scratch, via model.new_weights()) as real outcomes come in. Edit by hand only if you want to force a reset - back up first.",
  "version": 3,
  "trained_samples": 3111,
  "bias": -2.9581428607200126,
  "weights": {
    "thermal_excess": -1.5683983329196105,
    "pressure_signal": 0.0748561575116917,
    "upper_wind_alignment": -0.14118790560144634,
    "upper_wind_speed_score": -1.7339971992493335,
    "dewpoint_score": -0.29812019848726595,
    "cape_penalty": -0.5006365028703226,
    "freezing_level_score": 0.07128997401106145,
    "precip_penalty": 1.6933070581558483,
    "model_wind": 0.2416219089658648,
    "model_gust": 0.10233234121550928,
    "surface_dir_alignment": 0.4714587381456062,
    "hour_sin": -1.5299363723666162,
    "hour_cos": -0.13576804289226715,
    "doy_sin": 0.20302695017671202,
    "doy_cos": -0.12232542800256023,
    "ensemble_wind_score": 3.2919960761122846,
    "ensemble_agreement_score": -0.5004290811603087,
    "persistence_wind": 2.8034124071798954,
    "upper_wind_dewpoint_interaction": 2.176215975882786,
    "thermal_seasonal_interaction": -0.5351839897099797,
    "samedan_morning_score": -0.6858192147590162,
    "pressure_nowcast_score": 0.30357017142246323
  },
  "tier_thresholds": {
    "good": 0.84,
    "marginal": 0.69
  }
}