{
  "_comment": "Logistic-regression-style weights for the Malojawind model. bias + one weight per engineered feature. Updated automatically by verify_and_learn.py (online) and backtest.py (from scratch, via model.new_weights()) as real outcomes come in. Edit by hand only if you want to force a reset - back up first.",
  "version": 3,
  "trained_samples": 3136,
  "bias": -3.484641728113173,
  "weights": {
    "thermal_excess": -3.436694146775766,
    "pressure_signal": 0.01662957135039122,
    "upper_wind_alignment": -0.3767582379164065,
    "upper_wind_speed_score": -1.3204575814957271,
    "dewpoint_score": 0.42846536249749523,
    "cape_penalty": -0.95395525707398,
    "freezing_level_score": -0.43870031279140054,
    "precip_penalty": 2.3105924497721553,
    "model_wind": 2.839077801697134,
    "model_gust": -0.12253311504979446,
    "surface_dir_alignment": 0.5494071892128681,
    "hour_sin": -0.5457582545657188,
    "hour_cos": -0.8208288573290599,
    "doy_sin": 0.19140632609567296,
    "doy_cos": 0.1867105557487127,
    "ensemble_wind_score": 2.0433932486423334,
    "ensemble_agreement_score": -0.9093056581824874,
    "persistence_wind": 2.5048613763443153,
    "upper_wind_dewpoint_interaction": 1.0092066275861293,
    "thermal_seasonal_interaction": -0.7913863055638074,
    "samedan_morning_score": 0.7107705491058781,
    "pressure_nowcast_score": 0.03811989068917015
  },
  "tier_thresholds": {
    "good": 0.8,
    "marginal": 0.65
  }
}