{
  "_comment": "Logistic-regression-style weights for the Malojawind model. bias + one weight per engineered feature. Updated automatically by verify_and_learn.py (online) and backtest.py (from scratch, via model.new_weights()) as real outcomes come in. Edit by hand only if you want to force a reset - back up first.",
  "version": 3,
  "trained_samples": 3122,
  "bias": -4.900015423732497,
  "weights": {
    "thermal_excess": -2.311157605718099,
    "pressure_signal": -0.07075172324933279,
    "upper_wind_alignment": -0.09619158483042167,
    "upper_wind_speed_score": -1.4461660940121253,
    "dewpoint_score": 1.0700328718848293,
    "cape_penalty": -0.15593997440326435,
    "freezing_level_score": -0.3175622466286272,
    "precip_penalty": 2.619054636768157,
    "model_wind": 2.1234027977180046,
    "model_gust": -0.5322404307758111,
    "surface_dir_alignment": 0.6657289686347896,
    "hour_sin": -0.9017211607522376,
    "hour_cos": -0.7739596837355115,
    "doy_sin": 0.3463595883467744,
    "doy_cos": 0.46776480979190294,
    "ensemble_wind_score": 4.52015231343318,
    "ensemble_agreement_score": -1.1600222548129864,
    "persistence_wind": 2.2546707548622487,
    "upper_wind_dewpoint_interaction": 0.2316952694618292,
    "thermal_seasonal_interaction": 0.8640971885370449,
    "samedan_morning_score": 0.9440155531352186,
    "pressure_nowcast_score": -0.264081812708194
  },
  "tier_thresholds": {
    "good": 0.37,
    "marginal": 0.34
  }
}