{
  "_comment": "Logistic-regression-style weights for the Malojawind model. bias + one weight per engineered feature. Updated automatically by verify_and_learn.py (online) and backtest.py (from scratch, via model.new_weights()) as real outcomes come in. Edit by hand only if you want to force a reset - back up first.",
  "version": 3,
  "trained_samples": 3136,
  "bias": -3.5053769424546393,
  "weights": {
    "thermal_excess": -3.408103107502318,
    "pressure_signal": 0.027443179344697713,
    "upper_wind_alignment": -0.36921622263587855,
    "upper_wind_speed_score": -1.3493332582223556,
    "dewpoint_score": 0.4212750689775227,
    "cape_penalty": -0.9471835808900634,
    "freezing_level_score": -0.44631408511492926,
    "precip_penalty": 2.3173172420441555,
    "model_wind": 2.8314033246814243,
    "model_gust": -0.13081369019695155,
    "surface_dir_alignment": 0.558917865789152,
    "hour_sin": -0.5311663215745014,
    "hour_cos": -0.8140646789196934,
    "doy_sin": 0.1989719448886549,
    "doy_cos": 0.20604608137031993,
    "ensemble_wind_score": 2.0290973459970143,
    "ensemble_agreement_score": -0.9181063917364402,
    "persistence_wind": 2.4978727917700905,
    "upper_wind_dewpoint_interaction": 0.9932630199761266,
    "thermal_seasonal_interaction": -0.818378449376803,
    "samedan_morning_score": 0.7107705491058781,
    "pressure_nowcast_score": 0.03811989068917015
  },
  "tier_thresholds": {
    "good": 0.8,
    "marginal": 0.65
  }
}