{
  "_comment": "Logistic-regression-style weights for the Malojawind model. bias + one weight per engineered feature. Updated automatically by verify_and_learn.py (online) and backtest.py (from scratch, via model.new_weights()) as real outcomes come in. Edit by hand only if you want to force a reset - back up first.",
  "version": 3,
  "trained_samples": 3143,
  "bias": -3.502664207422842,
  "weights": {
    "thermal_excess": -3.433900419136827,
    "pressure_signal": 0.01069895351503904,
    "upper_wind_alignment": -0.36121372504027643,
    "upper_wind_speed_score": -1.332735785546956,
    "dewpoint_score": 0.4104428831878265,
    "cape_penalty": -0.9544887890605908,
    "freezing_level_score": -0.4450575749727635,
    "precip_penalty": 2.3105924497721553,
    "model_wind": 2.8277852112880453,
    "model_gust": -0.1364480412984488,
    "surface_dir_alignment": 0.5497032547796975,
    "hour_sin": -0.5511932212659704,
    "hour_cos": -0.7925414876758533,
    "doy_sin": 0.19704929126265047,
    "doy_cos": 0.20382682592044446,
    "ensemble_wind_score": 2.035782207706665,
    "ensemble_agreement_score": -0.9204936253871501,
    "persistence_wind": 2.5035181936521793,
    "upper_wind_dewpoint_interaction": 0.9969284235349009,
    "thermal_seasonal_interaction": -0.7940395585504069,
    "samedan_morning_score": 0.7107705491058781,
    "pressure_nowcast_score": 0.03811989068917015
  },
  "tier_thresholds": {
    "good": 0.8,
    "marginal": 0.65
  }
}