{
  "_comment": "Logistic-regression-style weights for the Malojawind model. bias + one weight per engineered feature. Updated automatically by verify_and_learn.py (online) and backtest.py (from scratch, via model.new_weights()) as real outcomes come in. Edit by hand only if you want to force a reset - back up first.",
  "version": 3,
  "trained_samples": 3111,
  "bias": -2.9581428607200007,
  "weights": {
    "thermal_excess": -1.5683983329196063,
    "pressure_signal": 0.07485615751169129,
    "upper_wind_alignment": -0.14118790560144612,
    "upper_wind_speed_score": -1.7339971992493377,
    "dewpoint_score": -0.2981201984872724,
    "cape_penalty": -0.5006365028703219,
    "freezing_level_score": 0.07128997401106235,
    "precip_penalty": 1.6933070581558491,
    "model_wind": 0.2416219089658654,
    "model_gust": 0.10233234121550908,
    "surface_dir_alignment": 0.471458738145606,
    "hour_sin": -1.529936372366615,
    "hour_cos": -0.13576804289226538,
    "doy_sin": 0.20302695017671218,
    "doy_cos": -0.12232542800255933,
    "ensemble_wind_score": 3.2919960761122766,
    "ensemble_agreement_score": -0.5004290811603118,
    "persistence_wind": 2.8034124071798967,
    "upper_wind_dewpoint_interaction": 2.1762159758827933,
    "thermal_seasonal_interaction": -0.5351839897099775,
    "samedan_morning_score": -0.6858192147590165,
    "pressure_nowcast_score": 0.3035701714224626
  },
  "tier_thresholds": {
    "good": 0.84,
    "marginal": 0.69
  }
}