{
  "_comment": "Logistic-regression-style weights for the Malojawind model. bias + one weight per engineered feature. Updated automatically by verify_and_learn.py (online) and backtest.py (from scratch, via model.new_weights()) as real outcomes come in. Edit by hand only if you want to force a reset - back up first.",
  "version": 3,
  "trained_samples": 3129,
  "bias": -3.46215362902614,
  "weights": {
    "thermal_excess": -3.4369871481207026,
    "pressure_signal": 0.007946000946455785,
    "upper_wind_alignment": -0.3984634252398708,
    "upper_wind_speed_score": -1.3062412633996423,
    "dewpoint_score": 0.4548858933692154,
    "cape_penalty": -0.9528235535407945,
    "freezing_level_score": -0.42837930429656745,
    "precip_penalty": 2.3105924497721553,
    "model_wind": 2.8503071071939066,
    "model_gust": -0.10289867635527597,
    "surface_dir_alignment": 0.5212588204022556,
    "hour_sin": -0.575995033084337,
    "hour_cos": -0.8237548109940159,
    "doy_sin": 0.18473381881545783,
    "doy_cos": 0.16523516874070546,
    "ensemble_wind_score": 2.055098872491954,
    "ensemble_agreement_score": -0.8892107748806425,
    "persistence_wind": 2.5139674675356143,
    "upper_wind_dewpoint_interaction": 1.0262759201101697,
    "thermal_seasonal_interaction": -0.7911064990202644,
    "samedan_morning_score": 0.7107705491058781,
    "pressure_nowcast_score": 0.03811989068917015
  },
  "tier_thresholds": {
    "good": 0.8,
    "marginal": 0.65
  }
}