{
  "_comment": "Logistic-regression-style weights for the Malojawind model. bias + one weight per engineered feature. Updated automatically by verify_and_learn.py (online) and backtest.py (from scratch, via model.new_weights()) as real outcomes come in. Edit by hand only if you want to force a reset - back up first.",
  "version": 3,
  "trained_samples": 3118,
  "bias": -2.9793941545405143,
  "weights": {
    "thermal_excess": -1.5619713346903579,
    "pressure_signal": 0.05852234636108642,
    "upper_wind_alignment": -0.14790503513817294,
    "upper_wind_speed_score": -1.749705881414043,
    "dewpoint_score": -0.31447222665157915,
    "cape_penalty": -0.5003862732794528,
    "freezing_level_score": 0.05623944911817173,
    "precip_penalty": 1.6933070581558483,
    "model_wind": 0.22641597828745336,
    "model_gust": 0.08189262194443443,
    "surface_dir_alignment": 0.4691040965975657,
    "hour_sin": -1.5277995318895483,
    "hour_cos": -0.11403514582913923,
    "doy_sin": 0.20827649111429353,
    "doy_cos": -0.1017327154811372,
    "ensemble_wind_score": 3.2797467648152403,
    "ensemble_agreement_score": -0.5158420344175876,
    "persistence_wind": 2.7943898928659032,
    "upper_wind_dewpoint_interaction": 2.1641834891759024,
    "thermal_seasonal_interaction": -0.5414118141440386,
    "samedan_morning_score": -0.6858192147590162,
    "pressure_nowcast_score": 0.30357017142246323
  },
  "tier_thresholds": {
    "good": 0.84,
    "marginal": 0.69
  }
}