{
  "schema_version": 2,
  "generated_at": "2026-07-17T22:05:00.601702+00:00",
  "source_a": "kitesailing",
  "source_b": "sia",
  "zero_lag": {
    "n": 5,
    "pearson": 0.8791440027622033,
    "spearman": 0.9,
    "mae_ms": 1.5444444444444447,
    "rmse_ms": 1.762871535133152,
    "bias_sia_minus_lake_ms": -1.1555555555555557,
    "median_bias_ms": -1.6111111111111107,
    "circular_direction_mae_deg": 20.9,
    "direction_n": 5
  },
  "independent_overlapping_days": 2,
  "calibration_maturity": "insufficient",
  "lag_results_hours": {
    "-3": {
      "n": 5,
      "pearson": 0.5252312885454176,
      "spearman": 0.3,
      "mae_ms": 1.722222222222222,
      "rmse_ms": 2.585035281656211,
      "bias_sia_minus_lake_ms": -1.3555555555555556,
      "median_bias_ms": -1.0277777777777777,
      "circular_direction_mae_deg": 28.1,
      "direction_n": 5
    },
    "-2": {
      "n": 5,
      "pearson": 0.9070382832705464,
      "spearman": 0.4,
      "mae_ms": 1.4166666666666665,
      "rmse_ms": 1.6546324794271712,
      "bias_sia_minus_lake_ms": -1.1055555555555556,
      "median_bias_ms": -1.7222222222222223,
      "circular_direction_mae_deg": 27.3,
      "direction_n": 5
    },
    "-1": {
      "n": 5,
      "pearson": 0.9395459185611521,
      "spearman": 0.7,
      "mae_ms": 1.072222222222222,
      "rmse_ms": 1.3295664381971464,
      "bias_sia_minus_lake_ms": -0.9277777777777777,
      "median_bias_ms": -0.8888888888888884,
      "circular_direction_mae_deg": 53.7,
      "direction_n": 5
    },
    "0": {
      "n": 5,
      "pearson": 0.8791440027622033,
      "spearman": 0.9,
      "mae_ms": 1.5444444444444447,
      "rmse_ms": 1.762871535133152,
      "bias_sia_minus_lake_ms": -1.1555555555555557,
      "median_bias_ms": -1.6111111111111107,
      "circular_direction_mae_deg": 20.9,
      "direction_n": 5
    },
    "1": {
      "n": 5,
      "pearson": 0.7365394867595971,
      "spearman": 0.7,
      "mae_ms": 2.1777777777777776,
      "rmse_ms": 2.4342590831607502,
      "bias_sia_minus_lake_ms": -1.711111111111111,
      "median_bias_ms": -1.8055555555555554,
      "circular_direction_mae_deg": 45.7,
      "direction_n": 5
    },
    "2": {
      "n": 5,
      "pearson": -0.29483597681723195,
      "spearman": 0.3,
      "mae_ms": 3.3388888888888895,
      "rmse_ms": 3.7003711859190895,
      "bias_sia_minus_lake_ms": -1.4277777777777776,
      "median_bias_ms": -2.0277777777777786,
      "circular_direction_mae_deg": 64.1,
      "direction_n": 5
    },
    "3": {
      "n": 5,
      "pearson": -0.533640884224509,
      "spearman": 0.0,
      "mae_ms": 3.9,
      "rmse_ms": 4.111824262469409,
      "bias_sia_minus_lake_ms": -1.5888888888888888,
      "median_bias_ms": -3.5277777777777777,
      "circular_direction_mae_deg": 63.9,
      "direction_n": 5
    }
  },
  "best_lag_hours": -1,
  "monthly": {
    "1": {
      "n": 0
    },
    "2": {
      "n": 0
    },
    "3": {
      "n": 0
    },
    "4": {
      "n": 0
    },
    "5": {
      "n": 0
    },
    "6": {
      "n": 0
    },
    "7": {
      "n": 5,
      "pearson": 0.8791440027622033,
      "spearman": 0.9,
      "mae_ms": 1.5444444444444447,
      "rmse_ms": 1.762871535133152,
      "bias_sia_minus_lake_ms": -1.1555555555555557,
      "median_bias_ms": -1.6111111111111107,
      "circular_direction_mae_deg": 20.9,
      "direction_n": 5
    },
    "8": {
      "n": 0
    },
    "9": {
      "n": 0
    },
    "10": {
      "n": 0
    },
    "11": {
      "n": 0
    },
    "12": {
      "n": 0
    }
  },
  "classification": "insufficient_evidence",
  "policy_changed": false,
  "warning": "Exploratory report. Review overlap, seasonality and sensor definitions before enabling SIA substitution."
}